nr,klasse,paar,risiko,menschlichkeit,anmerkung
1,drink water,0,0,0,
2,eat meal/snack,0,0,0,
3,brushing teeth,0,0,0,
4,brushing hair,0,0,0,
5,drop,0,0,0,
6,pickup,0,0,0,
7,throw,0,1,0,No target in the class; reads as aggressive only together with loudness or a person nearby
8,sitting down,0,0,0,
9,standing up (from sitting position),0,0,0,
10,clapping,0,0,1,Applause
11,reading,0,0,0,Fires on a person holding a glass in the test corpus
12,writing,0,0,0,
13,tear up paper,0,1,0,Destructive gesture
14,wear jacket,0,0,0,
15,take off jacket,0,0,0,
16,wear a shoe,0,0,0,
17,take off a shoe,0,0,0,
18,wear on glasses,0,0,0,
19,take off glasses,0,0,0,
20,put on a hat/cap,0,0,0,
21,take off a hat/cap,0,0,0,
22,cheer up,0,0,1,Arms raised in celebration
23,hand waving,0,0,1,Greeting
24,kicking something,0,2,0,Aggression against an object
25,reach into pocket,0,0,0,
26,hopping (one foot jumping),0,0,0,
27,jump up,0,0,0,
28,make a phone call/answer phone,0,0,0,
29,playing with phone/tablet,0,0,0,Fires on seated spectators in the test corpus
30,typing on a keyboard,0,0,0,
31,pointing to something with finger,0,0,0,
32,taking a selfie,0,0,0,
33,check time (from watch),0,0,0,
34,rub two hands together,0,0,0,
35,nod head/bow,0,0,1,Agreement or respect
36,shake head,0,0,0,
37,wipe face,0,0,0,
38,salute,0,1,0,Military gesture; readable as a sign of radicalism
39,put the palms together,0,0,1,Thanks or prayer
40,cross hands in front (say stop),0,0,0,Defence: marks a conflict in the scene rather than risk from this person
41,sneeze/cough,0,0,0,
42,staggering,0,0,0,Possibly hurt or in need of help; a scene signal
43,falling,0,0,0,Possibly the target of violence; a scene signal
44,touch head (headache),0,0,0,
45,touch chest (stomachache/heart pain),0,0,0,
46,touch back (backache),0,0,0,
47,touch neck (neckache),0,0,0,
48,nausea or vomiting condition,0,0,0,
49,use a fan (with hand or paper)/feeling warm,0,0,0,
50,punching/slapping other person,1,5,-3,
51,kicking other person,1,5,-3,
52,pushing other person,1,3,-2,
53,pat on back of other person,1,0,3,
54,point finger at the other person,1,1,0,Accusation; fires on pairs in conversation in the test corpus
55,hugging other person,1,0,4,
56,giving something to other person,1,0,4,
57,touch other person's pocket,1,1,-1,Pickpocketing; fires on pairs in conversation in the test corpus
58,handshaking,1,0,3,
59,walking towards each other,1,0,0,
60,walking apart from each other,1,0,0,
61,put on headphone,0,0,0,
62,take off headphone,0,0,0,
63,shoot at the basket,0,0,0,
64,bounce ball,0,0,0,
65,tennis bat swing,0,0,0,
66,juggling table tennis balls,0,0,0,
67,hush (quite),0,0,0,
68,flick hair,0,0,0,
69,thumb up,0,0,2,
70,thumb down,0,0,-1,
71,make ok sign,0,0,1,
72,make victory sign,0,0,1,
73,staple book,0,0,0,
74,counting money,0,0,0,
75,cutting nails,0,0,0,
76,cutting paper (using scissors),0,0,0,
77,snapping fingers,0,0,0,
78,open bottle,0,0,0,
79,sniff (smell),0,0,0,
80,squat down,0,0,0,
81,toss a coin,0,0,0,
82,fold paper,0,0,0,
83,ball up paper,0,0,0,
84,play magic cube,0,0,0,
85,apply cream on face,0,0,0,
86,apply cream on hand back,0,0,0,
87,put on bag,0,0,0,
88,take off bag,0,0,0,
89,put something into a bag,0,0,0,
90,take something out of a bag,0,0,0,
91,open a box,0,0,0,
92,move heavy objects,0,0,0,
93,shake fist,0,3,-1,Threatening gesture
94,throw up cap/hat,0,0,1,Celebration
95,hands up (both hands),0,0,0,Surrender or being threatened; a scene signal
96,cross arms,0,0,0,
97,arm circles,0,0,0,Warm-up exercise
98,arm swings,0,0,0,Warm-up exercise
99,running on the spot,0,0,0,Warm-up exercise
100,butt kicks (kick backward),0,0,0,Warm-up exercise
101,cross toe touch,0,0,0,Warm-up exercise
102,side kick,0,0,0,Warm-up exercise; no second person
103,yawn,0,0,0,
104,stretch oneself,0,0,0,
105,blow nose,0,0,0,
106,hit other person with something,1,5,-3,
107,wield knife towards other person,1,5,-3,
108,knock over other person (hit with body),1,5,-3,
109,grab other person’s stuff,1,2,-2,
110,shoot at other person with a gun,1,5,-3,
111,step on foot,1,2,-1,
112,high-five,1,0,3,
113,cheers and drink,1,0,2,
114,carry something with other person,1,0,3,Cooperation
115,take a photo of other person,1,0,0,
116,follow other person,1,2,0,Pursuit; harmless when walking together
117,whisper in other person’s ear,1,1,0,Secrecy
118,exchange things with other person,1,0,2,
119,support somebody with hand,1,0,4,Helping
120,finger-guessing game (playing rock-paper-scissors),1,0,1,Play
